ESGFactor,Count
00010_EET_Version,672
00070_EET_Data_Reporting_SFDR_Periodic,672
00080_EET_Data_Reporting_SFDR_Entity_Level,672
00090_EET_Data_Reporting_MiFID,672
00100_EET_Data_Reporting_IDD,672
20040_Financial_Instrument_SFDR_Product_Type,672
20590_Does_This_Financial_Instrument_Consider_End_Client_Sustainability_Preferences,672
20100_Financial_Instrument_Does_This_Product_Consider_Principle_Adverse_Impact_In_Their_Investment,672
00060_EET_Data_Reporting_SFDR_Pre_Contractual,672
20070_Financial_Instrument_Percentage_Of_Minimum_SFDR_Art_8_Funds,657
20370_Financial_Instrument_Has_A_Reference_ESG_Benchmark,589
MiFID Sustainability Preference Flag - A,577
MiFID Sustainability Preference Flag - C,577
MiFID Sustainability Preference Flag - B,577
20170_Financial_Instrument_Sustainable_Investments_Art_8,569
30830_Energy_Consumption_Intensity_Per_High_Impact_Climate_Sector_NACE_L_Considered_In_The_Investment_Strategy,529
30790_Energy_Consumption_Intensity_Per_High_Impact_Climate_Sector_NACE_H_Considered_In_The_Investment_Strategy,529
30710_Energy_Consumption_Intensity_Per_High_Impact_Climate_Sector_NACE_F_Considered_In_The_Investment_Strategy,529
30670_Energy_Consumption_Intensity_Per_High_Impact_Climate_Sector_NACE_E_Considered_In_The_Investment_Strategy,529
30630_Energy_Consumption_Intensity_Per_High_Impact_Climate_Sector_NACE_D_Considered_In_The_Investment_Strategy,529
30590_Energy_Consumption_Intensity_Per_High_Impact_Climate_Sector_NACE_C_Considered_In_The_Investment_Strategy,529
30550_Energy_Consumption_Intensity_Per_High_Impact_Climate_Sector_NACE_B_Considered_In_The_Investment_Strategy,529
30510_Energy_Consumption_Intensity_Per_High_Impact_Climate_Sector_NACE_A_Considered_In_The_Investment_Strategy,529
30070_GHG_Emissions_Scope_2_Considered_In_The_Investment_Strategy,529
30470_Share_Energy_Production_From_Non-Renewable_Sources_Considered_In_The_Investment_Strategy,529
30430_Share_Energy_Consumption_From_Non-Renewable_Sources_Considered_In_The_Investment_Strategy,529
30390_Exposure_To_Companies_Active_In_The_Fossil_Fuel_Sector_Considered_In_The_Investment_Strategy,529
30110_GHG_Emissions_Scope_3_Considered_In_The_Investment_Strategy,529
30350_GHG_Intensity_Of_Investee_Companies_Scope123_Considered_In_The_Investment_Strategy,529
30310_GHG_Intensity_Of_Investee_Companies_Scope12_Considered_In_The_Investment_Strategy,529
30150_GHG_Emissions_Total_Scope12_Considered_In_The_Investment_Strategy,529
30270_Carbon_Footprint_Scope123_Considered_In_The_Investment_Strategy,529
30750_Energy_Consumption_Intensity_Per_High_Impact_Climate_Sector_NACE_G_Considered_In_The_Investment_Strategy,529
30190_GHG_Emissions_Total_Scope123_Considered_In_The_Investment_Strategy,529
31030_Share_Of_Companies_Without_Policies_To_Monitor_Compliance_With_UNGCP_And_OECD_Guidelines_For_Multinational_Enterprises_Considered_In_The_Investment_Strategy,529
31140_Share_Of_Investments_Involved_In_Controversial_Weapons_Considered_In_The_Investment_Strategy,529
30910_Water_Emissions_Considered_In_The_Investment_Strategy,529
30950_Hazardous_Waste_Ratio_Considered_In_The_Investment_Strategy,529
30990_Share_Of_Companies_Involved_In_Violation_Of_UN_Global_Compact_Principles_And_OECD_Guidelines_For_Multinational_Enterprises_Considered_In_The_Investment_Strategy,529
30230_Carbon_Footprint_Scope12_Considered_In_The_Investment_Strategy,529
30870_Activities_Negatively_Affecting_Biodiversity-sensitive_Areas_Considered_In_The_Investment_Strategy,529
31060_Unadjusted_Gender_Pay_Gap_Considered_In_The_Investment_Strategy,529
31100_Board_Gender_Diversity_Considered_In_The_Investment_Strategy,529
31220_Number_Of_Countries_Subject_To_Social_Violations_Considered_In_The_Investment_Strategy,528
31180_GHG_Intensity_Considered_In_The_Investment_Strategy,528
31260_Percent_Of_Countries_Subject_To_Social_Violations_Considered_In_The_Investment_Strategy,527
30030_GHG_Emissions_Scope_1_Considered_In_The_Investment_Strategy,527
31300_Exposure_To_Fossil_Fuels_Extraction_Storage_Transport_Manufacture_Considered_In_The_Investment_Strategy,523
31340_Exposure_To_Energy-inefficient_Real_Estate_Assets_Considered_In_The_Investment_Strategy,516
11000_Manufacturer_PRI_Or_PRB_Signatory,512
20400_Financial_Instrument_EU_SFDR_Minimum_Or_Planned_Investments_With_Environmental_Or_Social_Characteristics,508
20180_Financial_Instrument_Products_Minimal_Proportion_Of_Sustainable_Investments_Art_8,507
70000_Financial_Instrument_Sustainability_Risk_Is_Deemed_To_Be_Relevant,507
20390_Financial_Instrument_Minimum_Or_Planned_Asset_Allocation_Date,485
30010_PAI_Reference_Date,468
20080_Financial_Instrument_Percentage_Of_Minimum_SFDR_Art_9_Funds,459
20420_Financial_Instrument_EU_SFDR_Minimum_Or_Planned_Investments_Sustainable_Investments,452
20190_Financial_Instrument_Sustainable_Investment_EU_Taxonomy_Art_8,448
20210_Financial_Instrument_Sustainable_Investment_Social_Objective_Art_8,447
20200_Financial_Instrument_Sustainable_Investment_Environmental_Not_EU_Taxonomy_Art_8,441
31120_Board_Gender_Diversity_Eligible_Assets,426
30410_Exposure_To_Companies_Active_In_The_Fossil_Fuel_Sector_Eligible_Assets,424
31110_Board_Gender_Diversity_Coverage,423
20430_Financial_Instrument_EU_SFDR_Minimum_Or_Planned_Other_Investments_With_Environmental_Or_Social_Characteristics,422
30400_Exposure_To_Companies_Active_In_The_Fossil_Fuel_Sector_Coverage,421
11020_Manufacturer_PRI_Or_PRB_Compliant,411
31150_Share_Of_Investments_Involved_In_Controversial_Weapons_Coverage,403
30040_GHG_Emissions_Scope_1_Coverage,403
30090_GHG_Emissions_Scope_2_Eligible_Assets,403
30080_GHG_Emissions_Scope_2_Coverage,403
30050_GHG_Emissions_Scope_1_Eligible_Assets,403
31000_Share_of_Companies_Involved_in_Violation_of_UN_Global_Compact_principles_and_OECD_Guidelines_for_Multinational_Enterprises_Coverage,402
30880_Activities_Negatively_Affecting_Biodiversity-sensitive_Areas_Coverage,398
31160_Share_Of_Investments_Involved_In_Controversial_Weapons_Eligible_Assets,398
31010_Share_Of_Companies_Involved_In_Violation_Of_UN_Global_Compact_Principles_And_OECD_Guidelines_For_Multinational_Enterprises_Eligible_Assets,398
30330_GHG_Intensity_Of_Investee_Companies_Scope12_Eligible_Assets,397
30810_Energy_Consumption_Intensity_Per_High_Impact_Climate_Sector_NACE_H_Eligible_Assets,396
30570_Energy_Consumption_Intensity_Per_High_Impact_Climate_Sector_NACE_B_Eligible_Assets,396
30770_Energy_Consumption_Intensity_Per_High_Impact_Climate_Sector_NACE_G_Eligible_Assets,396
30890_Activities_Negatively_Affecting_Biodiversity-sensitive_Areas_Eligible_Assets,396
30610_Energy_Consumption_Intensity_Per_High_Impact_Climate_Sector_NACE_C_Eligible_Assets,396
20480_Financial_Instrument_Last_Reported_Asset_Allocation_Date,396
30730_Energy_Consumption_Intensity_Per_High_Impact_Climate_Sector_NACE_F_Eligible_Assets,396
30650_Energy_Consumption_Intensity_Per_High_Impact_Climate_Sector_NACE_D_Eligible_Assets,394
30320_GHG_Intensity_Of_Investee_Companies_Scope12_Coverage,394
30970_Hazardous_Waste_Ratio_Eligible_Assets,393
30850_Energy_Consumption_Intensity_Per_High_Impact_Climate_Sector_NACE_L_Eligible_Assets,393
30760_Energy_Consumption_Intensity_Per_High_Impact_Climate_Sector_NACE_G_Coverage,392
30600_Energy_Consumption_Intensity_Per_High_Impact_Climate_Sector_NACE_C_Coverage,392
30930_Water_Emissions_Eligible_Assets,391
30530_Energy_Consumption_Intensity_Per_High_Impact_Climate_Sector_NACE_A_Eligible_Assets,391
31200_GHG_Intensity_Eligible_Assets,390
30690_Energy_Consumption_Intensity_Per_High_Impact_Climate_Sector_NACE_E_Eligible_Assets,390
30640_Energy_Consumption_Intensity_Per_High_Impact_Climate_Sector_NACE_D_Coverage,390
30720_Energy_Consumption_Intensity_Per_High_Impact_Climate_Sector_NACE_F_Coverage,390
30960_Hazardous_Waste_Ratio_Coverage,390
30800_Energy_Consumption_Intensity_Per_High_Impact_Climate_Sector_NACE_H_Coverage,389
30840_Energy_Consumption_Intensity_Per_High_Impact_Climate_Sector_NACE_L_Coverage,389
30200_GHG_Emissions_Total_Scope123_Coverage,389
30120_GHG_Emissions_Scope_3_Coverage,389
30920_Water_Emissions_Coverage,388
30210_GHG_Emissions_Total_Scope123_Eligible_Assets,388
30290_Carbon_Footprint_Scope123_Eligible_Assets,388
30130_GHG_Emissions_Scope_3_Eligible_Assets,388
70010_Financial_Instrument_Total_Fund_AUM_Or_Notional,387
30680_Energy_Consumption_Intensity_Per_High_Impact_Climate_Sector_NACE_E_Coverage,386
30360_GHG_Intensity_Of_Investee_Companies_Scope123_Coverage,386
30280_Carbon_Footprint_Scope123_Coverage,385
60440_Financial_Instrument_Sustainable_Indicators_For_German_MiFID_Market,384
31045_Share_of_Companies_Without_Policies_To_Monitor_Compliance_With_UNGCP_And_OECD_Guidelines_For_Multinational_Enterprises_Eligible_Assets,382
31080_Unadjusted_Gender_Pay_Gap_Eligible_Assets,382
31040_Share_Of_Companies_Without_Policies_To_Monitor_Compliance_With_UNGCP_And_OECD_Guidelines_For_Multinational_Enterprises_Coverage,382
30560_Energy_Consumption_Intensity_Per_High_Impact_Climate_Sector_NACE_B_Coverage,380
30370_GHG_Intensity_Of_Investee_Companies_Scope123_Eligible_Assets,379
31070_Unadjusted_Gender_Pay_Gap_Coverage,379
20630_Financial_Instrument_Methodology_Used_For_Alignment_Calculation_With_EU_Taxonomy,376
30380_Exposure_To_Companies_Active_In_The_Fossil_Fuel_Sector_Value,376
31190_GHG_Intensity_Coverage,376
30250_Carbon_Footprint_Scope12_Eligible_Assets,376
30170_GHG_Emissions_Total_Scope12_Eligible_Assets,376
31090_Board_Gender_Diversity_Value,375
30160_GHG_Emissions_Total_Scope12_Coverage,372
30240_Carbon_Footprint_Scope12_Coverage,368
30450_Share_Energy_Consumption_From_Non-Renewable_Sources_Eligible_Assets,367
30490_Share_Energy_Production_From_Non-Renewable_Sources_Eligible_Assets,367
31240_Number_Of_Countries_Subject_To_Social_Violations_Eligible_Assets,365
31130_Share_Of_Investments_Involved_In_Controversial_Weapons_Value,364
30440_Share_Energy_Consumption_From_Non-Renewable_Sources_Coverage,364
30480_Share_Energy_Production_From_Non-Renewable_Sources_Coverage,363
30520_Energy_Consumption_Intensity_Per_High_Impact_Climate_Sector_NACE_A_Coverage,357
30980_Share_Of_Companies_Involved_In_Violation_Of_UN_Global_Compact_Principles_And_OECD_Guidelines_For_Multinational_Enterprises_Value,357
30060_GHG_Emissions_Scope_2_Value,355
30020_GHG_Emissions_Scope_1_Value,355
31280_Percent_Of_Countries_Subject_To_Social_Violations_Eligible_Assets,352
20510_Financial_Instrument_EU_SFDR_Last_Reported_Investments_Are_Sustainable_Investments,351
20560_Financial_Instrument_EU_SFDR_Last_Reported_Investments_Are_Sustainable_Investments_Social,351
20490_Financial_Instrument_EU_SFDR_Last_Reported_Investments_With_Environmental_Or_Social_Characteristics,349
20550_Financial_Instrument_EU_SFDR_Last_Reported_Investments_Are_Sustainable_Investments_Other_Environmental,349
20520_Financial_Instrument_EU_SFDR_Last_Reported_Other_Investments_With_Environmental_Or_Social_Characteristics,348
30860_Activities_Negatively_Affecting_Biodiversity-sensitive_Areas_Value,343
30180_GHG_Emissions_Total_Scope123_Value,341
30100_GHG_Emissions_Scope_3_Value,341
20790_Financial_Instrument_Share_Of_Enabling_Activities,340
20780_Financial_Instrument_Share_Of_Transitional_Activities,340
30220_Carbon_Footprint_Scope12_Value,339
20731_Financial_Instrument_Climate_Change_Adaptation_Percentage,337
20721_Financial_Instrument_Climate_Change_Mitigation_Percentage,337
20500_Financial_Instrument_EU_SFDR_Last_Reported_Investments_Not_Sustainable_Other,336
30260_Carbon_Footprint_Scope123_Value,335
30940_Hazardous_Waste_Ratio_Value,335
30580_Energy_Consumption_Intensity_Per_High_Impact_Climate_Sector_NACE_C_Value,335
31020_Share_Of_Companies_Without_Policies_To_Monitor_Compliance_With_UNGCP_And_OECD_Guidelines_For_Multinational_Enterprises_Value,334
31320_Exposure_To_Fossil_Fuels_Extraction_Storage_Transport_Manufacture_Eligible_Assets,332
31050_Unadjusted_Gender_Pay_Gap_Value,330
20660_Financial_Instrument_Percentage_Taxonomy_Aligned_Incl_Sovereign_Revenue,325
30140_GHG_Emissions_Total_Scope12_Value,324
31310_Exposure_To_Fossil_Fuels_Extraction_Storage_Transport_Manufacture_Coverage,323
30420_Share_Energy_Consumption_From_Non-Renewable_Sources_Value,322
30900_Water_Emissions_Value,320
31230_Number_Of_Countries_Subject_To_Social_Violations_Coverage,319
30620_Energy_Consumption_Intensity_Per_High_Impact_Climate_Sector_NACE_D_Value,319
30740_Energy_Consumption_Intensity_Per_High_Impact_Climate_Sector_NACE_G_Value,318
31270_Percent_Of_Countries_Subject_To_Social_Violations_Coverage,316
20710_Financial_Instrument_Percentage_Taxonomy_Aligned_Excl_Sovereign_Opex,316
20670_Financial_Instrument_Percentage_Taxonomy_Aligned_Incl_Sovereign_Capex,315
20680_Financial_Instrument_Percentage_Taxonomy_Aligned_Incl_Sovereign_Opex,315
20700_Financial_Instrument_Percentage_Taxonomy_Aligned_Excl_Sovereign_Capex,315
20690_Financial_Instrument_Percentage_Taxonomy_Aligned_Excl_Sovereign_Revenue,314
20761_Financial_Instrument_Pollution_Prevention_And_Control_Percentage,314
20741_Financial_Instrument_Sustainable_Use_And_Protection_Of_Water_And_Marine_Resources_Percentage,314
20771_Financial_Instrument_Protection_And_Restoration_Of_Biodiversity_And_Ecosystems_Percentage,314
20751_Financial_Instrument_Transition_To_A_Circular_Economy_Percentage,314
30780_Energy_Consumption_Intensity_Per_High_Impact_Climate_Sector_NACE_H_Value,314
20650_Financial_Instrument_Minimum_Share_Of_Enabling_Activities,313
30700_Energy_Consumption_Intensity_Per_High_Impact_Climate_Sector_NACE_F_Value,311
20600_Financial_Instrument_Minimum_Percentage_Investments_Aligned_EU_Taxonomy_Incl_Sovereign_Bonds,310
20610_Financial_Instrument_Minimum_Percentage_Investments_Aligned_EU_Taxonomy_Excl_Sovereign_Bonds,309
20460_Financial_Instrument_EU_SFDR_Minimum_Or_Planned_Investments_Sustainable_Investments_Other_Environmental,307
20640_Financial_Instrument_Minimum_Share_Of_Transitional_Activities,307
30820_Energy_Consumption_Intensity_Per_High_Impact_Climate_Sector_NACE_L_Value,306
30540_Energy_Consumption_Intensity_Per_High_Impact_Climate_Sector_NACE_B_Value,303
20530_Financial_Instrument_EU_SFDR_Last_Reported_Investments_Are_Sustainable_Investments_Environmental,303
30460_Share_Energy_Production_From_Non-Renewable_Sources_Value,298
20470_Financial_Instrument_EU_SFDR_Minimum_Or_Planned_Investments_Sustainable_Investments_Social,293
30660_Energy_Consumption_Intensity_Per_High_Impact_Climate_Sector_NACE_E_Value,293
20540_Financial_Instrument_EU_SFDR_Last_Reported_Investments_Are_Sustainable_Investments_Taxonomy_Aligned,289
30340_GHG_Intensity_Of_Investee_Companies_Scope123_Value,288
20450_Financial_Instrument_EU_SFDR_Minimum_Or_Planned_Investments_Sustainable_Investments_Taxonomy_Aligned,286
11040-A _Manufacturer_Other_Commitments - TCFD,282
31170_GHG_Intensity_Value,281
20440_Financial_Instrument_EU_SFDR_Minimum_Or_Planned_Investments_Sustainable_Investments_Environmental,281
31360_Exposure_To_Energy-inefficient_Real_Estate_Assets_Eligible_Assets,276
31350_Exposure_To_Energy-inefficient_Real_Estate_Assets_Coverage,275
30300_GHG_Intensity_Of_Investee_Companies_Scope12_Value,273
11040-F _Manufacturer_Other_Commitments - Participation to the « Non-Disclosure Campaign » from CDP,260
20580_Financial_Instrument_Aligned_With_Paris_Agreement,245
90000_Financial_Instrument_Investing_In_EU_Taxonomy_Aligned_Fossil_Gas_Activities,241
90030_Financial_Instrument_Investing_In_EU_Taxonomy_Aligned_Nuclear_Activities,241
30500_Energy_Consumption_Intensity_Per_High_Impact_Climate_Sector_NACE_A_Value,239
outstanding pre-contractual documentation warning,226
31210_Number_Of_Countries_Subject_To_Social_Violations_Value,217
11030_Manufacturer_PRI_Or_PRB_Like,206
20410-R_Financial_Instrument_EU_SFDR_Methodology_For_Sustainable_Investments_Calculation,206
20570_Financial_Instrument_With_Objective_Of_A_Reduction_In_Carbon_Emissions,204
60400_French_AMF_Doctrine_Approach,203
11040-D _Manufacturer_Other_Commitments - Stewardship Code,196
31250_Percent_Of_Countries_Subject_To_Social_Violations_Value,190
32850_Exposure_To_Companies_Without_Human_Right_Policy_Considered_In_The_Investment_Strategy,186
"12000-I_Manufacturer_Stewardship_Code_Signatory - Japanese, Japanese stewardship code, FSA, 2020",185
52100_Financial_Instrument_Unconventional_Weapons_Exclusion,180
40000_Financial_Instrument_Existing_Negative_Screening_Strategy,178
"The UK Stewardship Code, Financial Reporting Council, 2019",173
90150_Financial_Instrument_Current_Percentage_Investments_Aligned_EU_Taxonomy_Fossil_Gas_Excl_Sovereign_Bonds_Capex,171
90230_Financial_Instrument_Current_Percentage_Investments_Aligned_EU_Taxonomy_Nuclear_Excl_Sovereign_Bonds_Opex,171
90190_Financial_Instrument_Current_Percentage_Investments_Aligned_EU_Taxonomy_No_Fossil_Gas_and_Nuclear_Excl_Sovereign_Bonds_Capex,171
90210_Financial_Instrument_Current_Percentage_Investments_Aligned_EU_Taxonomy_Fossil_Gas_Excl_Sovereign_Bonds_Opex,171
90170_Financial_Instrument_Current_Percentage_Investments_Aligned_EU_Taxonomy_Nuclear_Excl_Sovereign_Bonds_Capex,171
52000_Financial_Instrument_Tobacco_Exclusion,170
50600_Financial_Instrument_Coal_Exclusion,169
90130_Financial_Instrument_Current_Percentage_Investments_Aligned_EU_Taxonomy_No_Fossil_Gas_and_Nuclear_Excl_Sovereign_Bonds_Turnover,166
90250_Financial_Instrument_Current_Percentage_Investments_Aligned_EU_Taxonomy_No_Fossil_Gas_and_Nuclear_Excl_Sovereign_Bonds_Opex,165
90110_Financial_Instrument_Current_Percentage_Investments_Aligned_EU_Taxonomy_Nuclear_Excl_Sovereign_Bonds_Turnover,164
90090_Financial_Instrument_Current_Percentage_Investments_Aligned_EU_Taxonomy_Fossil_Gas_Excl_Sovereign_Bonds_Turnover,164
32890_Exposure_To_Companies_With_Lack_Of_Due_Diligence_Considered_In_The_Investment_Strategy,156
90020_Financial_Instrument_Minimum_Percentage_Investments_Aligned_EU_Taxonomy_Fossil_Gas_Excl_Sovereign_Bonds,150
20620_Financial_Instrument_Was_This_Statement_Subject_To_An_External_Review_By_Third_Party,150
90050_Financial_Instrument_Minimum_Percentage_Investments_Aligned_EU_Taxonomy_Nuclear_Excl_Sovereign_Bonds,149
31505_Investing_In_Companies_Without_Carbon_Emission_Reduction_Initiatives_Investment_Weight_Coverage,148
32860_Exposure_To_Companies_Without_Human_Right_Policy_Coverage,146
32870_Exposure_To_Companies_Without_Human_Right_Policy_Eligible_Assets,146
32840_Exposure_To_Companies_Without_Human_Right_Policy_Value,145
31490_Investing_In_Companies_Without_Carbon_Emission_Reduction_Initiatives_Investment_Weight_Value,145
31510_Investing_In_Companies_Without_Carbon_Emission_Reduction_Initiatives_Investment_Weight_Eligible_Assets,144
90070_Financial_Instrument_Minimum_Percentage_Investments_Aligned_EU_Taxonomy_No_Fossil_Gas_and_Nuclear_Excl_Sovereign_Bonds,141
20340_Financial_Instrument_Number_Of_ESG_Covered_Issuers,141
31290_Exposure_To_Fossil_Fuels_Extraction_Storage_Transport_Manufacture_Value,141
50400_Financial_Instrument_Cannabis_Exclusion,140
52200_Financial_Instrument_UNGC_Exclusion,140
20360_Financial_Instrument_Number_Of_Engaged_Issuers,138
20330_Financial_Instrument_Weight_Of_ESG_Covered_Issuers,138
31330_Exposure_To_Energy-inefficient_Real_Estate_Assets_Value,138
31500_Investing_In_Companies_Without_Carbon_Emission_Reduction_Initiatives_Investment_Weight_Considered_In_The_Investment_Strategy,137
20350_Financial_Instrument_Weight_Of_Engaged_Issuers,134
50100_Financial_Instrument_Pornography_Adult_Entertainment_Services_Exclusion,134
31930_Share_Of_Investments_In_Investee_Companies_Without_A_Biodiversity_Protection_Policy_Covering_Operational_Sites_....._In_The_Investment_Strategy,132
32290_Energy_Consumption_Intensity_Considered_In_The_Investment_Strategy,132
20310_Financial_Instrument_Weight_Of_Eligible_Issuers,131
20230_Financial_Instrument_Environmentally_Sustainable_Investment_EU_Taxonomy_Art_9,125
12000-ZZ_Manufacturer_Stewardship_Code_Signatory - Other Stewardship Code,124
33090_Exposure_To_companies_With_A_Lack_Of_Anti_Corruption_And_Anti-Bribery_Policies_Considered_In_The_Investment_Strategy,122
32690_Share_Of_Investee_Companies_With_Insufficient_Whistleblower_Protection_Considered_In_The_Investment_Strategy,122
11011_Manufacturer_PRI_Notation_Percentage,121
32490_Rate_Of_Accidents_Considered_In_The_Investment_Strategy,121
31420_Emissions_Of_Air_Pollutants_Considered_In_The_Investment_Strategy,120
52210_Financial_Instrument_OECD_Guidelines_Exclusion,120
32530_Number_Of_Days_Lost_For_Injuries_Accidents_Fatalities_Illness_Considered_In_The_Investment_Strategy,120
32580_Share_Of_Investments_In_Investee_Companies_Without_Any_Supplier_Code_Of_Conduct_Against_....._Coverage,120
20260_Financial_Instrument_ESG_Existing_Thematic_Characteristics,120
32560_Share_Of_Investments_In_Investee_Companies_Without_Any_Supplier_Code_Of_Conduct_Against_....._Value,119
31970_Share_Of_Investee_Companies_Without_Deforestation_Policy_Considered_In_The_Investment_Strategy,119
31380_Emissions_Of_Inorganic_Pollutants_Considered_In_The_Investment_Strategy,119
31810_Exposure_To_Companies_Causing_Land_Degradation_Desertification_Or_Soil_Sealing_Considered_In_The_Investment_Strategy,119
31690_Investing_In_Companies_Without_Water_Management_Policies_Weight_Considered_In_The_Investment_Strategy,119
31650_Water_Usage_And_Recycling_Average_Amount_Considered_In_The_Investment_Strategy,119
31730_Exposure_To_Areas_Of_High_Water_Stress_Considered_In_The_Investment_Strategy,119
32010_Share_Of_Securities_Not_Issued_under_Union_legislation_on_environmentally_sustainable_bonds_Considered_In_The_Investment_Strategy,118
33160_Number_Of_Convictions_For_Violation_Of_Anti_Corruption_And_Anti_Bribery_Laws_Considered_In_The_Investment_Strategy,118
31770_Exposure_To_Companies_Producing_Chemical_Considered_In_The_Investment_Strategy,118
31460_Emissions_Of_Ozone_Depletion_Substances_Considered_In_The_Investment_Strategy,118
32810_Excessive_CEO_Pay_Ratio_Considered_In_The_Investment_Strategy,118
31876_Non_Recycled_Waste_Ratio_Considered_In_The_Investment_Strategy,118
32730_Number_Of_Incidents_Of_Discrimination_Reported_In_Investee_Companies_Considered_In_The_Investment_Strategy,118
32770_Number_Of_Incidents_Of_Discrimination_Leading_To_Sanctions_In_Investee_Companies_Considered_In_The_Investment_Strategy,118
31400_Emissions_Of_Inorganic_Pollutants_Eligible_Assets,117
31390_Emissions_Of_Inorganic_Pollutants_Coverage,116
32590_Share_Of_Investments_In_Investee_Companies_Without_Any_Supplier_Code_Of_Conduct_Against_....._Eligible_Assets,116
11040-E _Manufacturer_Other_Commitments - UNGC,115
51400_Financial_Instrument_Nuclear_Weapons_Exclusion,115
31672_Water_Usage_And_Recycling_Average_Percentage_Considered_In_The_Investment_Strategy,114
20320_Financial_Instrument_Number_Of_Eligible_Issuers,113
90140_Financial_Instrument_Current_Percentage_Investments_Aligned_EU_Taxonomy_Fossil_Gas_ Incl_Sovereign_Bonds_Capex,111
"12000-L_Manufacturer_Stewardship_Code_Signatory - Italy, Italian Stewardship Code for the exercise of administrative and voting rights in listed companies",111
33340_Non_Cooperative_Tax_Jurisdictions_Considered_In_The_Investment_Strategy,111
90220_Financial_Instrument_Current_Percentage_Investments_Aligned_EU_Taxonomy_Nuclear_ Incl_Sovereign_Bonds_Opex,111
90240_Financial_Instrument_Current_Percentage_Investments_Aligned_EU_Taxonomy_No_Fossil_Gas_and_Nuclear_ Incl_Sovereign_Bonds_Opex,111
90200_Financial_Instrument_Current_Percentage_Investments_Aligned_EU_Taxonomy_Fossil_Gas_ Incl_Sovereign_Bonds_Opex,111
90160_Financial_Instrument_Current_Percentage_Investments_Aligned_EU_Taxonomy_Nuclear_ Incl_Sovereign_Bonds_Capex,111
90180_Financial_Instrument_Current_Percentage_Investments_Aligned_EU_Taxonomy_No_Fossil_Gas_and_Nuclear_ Incl_Sovereign_Bonds_Capex,111
33300_Average_Corruption_Score_Considered_In_The_Investment_Strategy,110
90100_Financial_Instrument_Current_Percentage_Investments_Aligned_EU_Taxonomy_Nuclear_Incl_Sovereign_Bonds_Turnover,108
90080_Financial_Instrument_Current_Percentage_Investments_Aligned_EU_Taxonomy_Fossil_Gas_Incl_Sovereign_Bonds_Turnover,108
51600_Financial_Instrument_Other_Fossil_Fuel_Exclusion,108
90120_Financial_Instrument_Current_Percentage_Investments_Aligned_EU_Taxonomy_No_Fossil_Gas_and_Nuclear_Incl_Sovereign_Bonds_Turnover,108
32170_GHG_Emissions_Real_Estate_Scope_3_Considered_In_The_Investment_Strategy,107
32050_Share_Of_Bonds_not_issued_under_Union_legislation_on_environmentally_sustainable_bonds_Considered_In_The_Investment_Strategy,107
33380_Average_Political_Stability_Score_Considered_In_The_Investment_Strategy,107
50500_Financial_Instrument_Conventional_Weapons_Exclusion,107
"EFAMA Stewardship Code, European Fund and Asset Management Association, 2018",107
52110_Financial_Instrument_Unconventional_Weapons_Exclusion_Threshold_Type,106
33420_Average_Rule_Of_Law_Score_Considered_In_The_Investment_Strategy,106
32570_Share_Of_Investments_In_Investee_Companies_Without_Any_Supplier_Code_Of_Conduct_Against_....._In_The_Investment_Strategy,106
33270_Average_Human_Rights_Performance_Considered_In_The_Investment_Strategy,106
33240_Average_Freedom_of_Expression_Score_Considered_In_The_Investment_Strategy,106
32130_GHG_Emissions_Real_Estate_Scope_2_Considered_In_The_Investment_Strategy,105
32210_GHG_Emissions_Real_Estate_Total_Scope12_Considered_In_The_Investment_Strategy,105
32370_Raw_Material_Consumption_For_New_Construction_And_Major_Renovations_Considered_In_The_Investment_Strategy,105
32250_GHG_Emissions_Real_Estate_Total_Scope123_Considered_In_The_Investment_Strategy,105
32330_Waste_Production_In_Operations_Considered_In_The_Investment_Strategy,105
32410_Land_Artificialisation_Considered_In_The_Investment_Strategy,105
32090_GHG_Emissions_Real_Estate_Scope_1_Considered_In_The_Investment_Strategy,105
33050_Number_Of_Identified_Cases_of_Severe_Human_Rights_Issues_And_Incidents_Considered_In_The_Investment_Strategy,105
33360_Non_Cooperative_Tax_Jurisdictions_Eligible_Assets,104
33130_Exposure_To_Companies_With_Cases_Of_Insufficient_Action_Taken_To_Address_Breaches_Of_....._In_The_Investment_Strategy,104
52120_Financial_Instrument_Unconventional_Weapons_Exclusion_Relative_Threshold,104
32680_Share_Of_Investee_Companies_With_Insufficient_Whistleblower_Protection_Value,104
33200_Average_Income_Inequality_Scope_Considered_In_The_Investment_Strategy,104
32970_Exposure_To_Companies_With_Operations_And_Suppliers_At_Significant_Risk_Of_Incidents_Of_Child_Labour_Considered_In_The_Investment_Strategy,103
32710_Share_Of_Investee_Companies_With_Insufficient_Whistleblower_Protection_Eligible_Assets,103
32700_Share_Of_Investee_Companies_With_Insufficient_Whistleblower_Protection_Coverage,103
52220_Financial_Instrument_ILO_Exclusion,103
33350_Non_Cooperative_Tax_Jurisdictions_Coverage,102
33210_Average_Income_Inequality_Scope_Coverage,102
32880_Exposure_To_Companies_With_Lack_Of_Due_Diligence_Value,102
32450_Exposure_To_Companies_Without_Workplace_Accident_Prevention_Policy_Considered_In_The_Investment_Strategy,101
32900_Exposure_To_Companies_With_Lack_Of_Due_Diligence_Coverage,101
31670_Water_Usage_And_Recycling_Average_Amount_Eligible_Assets,101
32440_Exposure_To_Companies_Without_Workplace_Accident_Prevention_Policy_Value,101
31680_Investing_In_Companies_Without_Water_Management_Policies_Weight_Value,101
20050_Financial_Instrument_SFDR_Product_Type_Eligible,101
32470_Exposure_To_Companies_Without_Workplace_Accident_Prevention_Policy_Eligible_Assets,101
33145_Exposure_To_Companies_With_Cases_Of_Insufficient_Action_Taken_To_Address_Breaches_Of_....._Eligible_Assets,101
33140_Exposure_To_Companies_With_Cases_Of_Insufficient_Action_Taken_To_Address_Breaches_Of_Standards_Of_Anti_Corruption_And_Anti_Bribery_Coverage,101
32910_Exposure_To_Companies_With_Lack_Of_Due_Diligence_Eligible_Assets,101
33310_Average_Corruption_Score_Coverage,101
32930_Exposure_To_Companies_With_Lack_Of_Processes_And_Measures_For_Preventing_Trafficking_In_Human_Beings_Local_Considered_In_The_Investment_Strategy,101
33010_Exposure_To_Companies_With_Operations_And_Suppliers_At_Significant_Risk_Of_Incidents_Of_Forced_Or_Compulsory_Labour_Considered_In_The_Investment_Strategy,100
31700_Investing_In_Companies_Without_Water_Management_Policies_Weight_Coverage,100
32460_Exposure_To_Companies_Without_Workplace_Accident_Prevention_Policy_Coverage,100
31850_Exposure_To_Companies_Without_Sustainable_Land_Or_Agriculture_Practices_Policies_Considered_In_The_Investment_Strategy,100
31440_Emissions_Of_Air_Pollutants_Eligible_Assets,100
31872_Share_Of_Investments_In_Companies_Without_Sustainable_Oceans_Or_Seas_Practices_Considered_In_The_Investment_Strategy,100
32830_Excessive_CEO_Pay_Ratio_Eligible_Assets,100
32820_Excessive_CEO_Pay_Ratio_Coverage,100
32650_Share_Of_Investments_In_Investee_Companies_Without_Any_Grievance_Or_Complaints_Handling_Mechanism_Considered_In_The_Investment_Strategy,100
31430_Emissions_Of_Air_Pollutants_Coverage,100
50900_Financial_Instrument_Gambling_Exclusion,99
31710_Investing_In_Companies_Without_Water_Management_Policies_Weight_Eligible_Assets,99
11040-B _Manufacturer_Other_Commitments - NAZAMI or NAZAOA,99
50200_Financial_Instrument_Alcohol_Exclusion,99
31910_Share_Of_Investments_In_Investee_Companies_Whose_Operations_Affect_Threatened_Species_Eligible_Assets,99
33260_Average_Freedom_of_Expression_Score_Eligible_Assets,99
31660_Water_Usage_And_Recycling_Average_Amount_Coverage,99
31570_Breakdown_Of_Energy_Consumption_By_Type_Of_Non-renewable_Sources_Of_Energy_Natural_Gas_Considered_In_The_Investment_Strategy,99
31610_Breakdown_Of_Energy_Consumption_By_Type_Of_Non-renewable_Sources_Of_Energy_Coal_Considered_In_The_Investment_Strategy,99
33440_Average_Rule_Of_Law_Score_Eligible_Assets,99
31530_Breakdown_Of_Energy_Consumption_By_Type_Of_Non-renewable_Sources_Of_Energy_Oil_Considered_In_The_Investment_Strategy,99
33320_Average_Corruption_Score_Eligible_Assets,99
33220_Average_Income_Inequality_Scope_Eligible_Assets,98
33290_Average_Human_Rights_Performance_Eligible_Assets,98
31900_Share_Of_Investments_In_Investee_Companies_Whose_Operations_Affect_Threatened_Species_Coverage,97
33120_Exposure_To_Companies_With_Cases_Of_Insufficient_Action_Taken_To_Address_Breaches_Of_Standards_Of_Anti_Corruption_And_Anti_Bribery_Value,97
33430_Average_Rule_Of_Law_Score_Coverage,97
33280_Average_Human_Rights_Performance_Coverage,97
33250_Average_Freedom_of_Expression_Score_Coverage,97
32500_Rate_Of_Accidents_Coverage,96
31878_Non_Recycled_Waste_Ratio_Eligible_Assets,96
31877_Non_Recycled_Waste_Ratio_Coverage,96
32510_Rate_Of_Accidents_Eligible_Assets,96
31890_Share_Of_Investments_In_Investee_Companies_Whose_Operations_Affect_Threatened_Species_Considered_In_The_Investment_Strategy,95
31990_Share_Of_Investee_Companies_Without_Deforestation_Policy_Eligible_Assets,95
31980_Share_Of_Investee_Companies_Without_Deforestation_Policy_Coverage,95
31960_Share_Of_Investee_Companies_Without_Deforestation_Policy_Value,95
32540_Number_Of_Days_Lost_For_Injuries_Accidents_Fatalities_Illness_Coverage,95
51300_Financial_Instrument_Nuclear_Energy_Exclusion,94
31880_Share_Of_Investments_In_Investee_Companies_Whose_Operations_Affect_Threatened_Species_Value,94
31410_Emissions_Of_Air_Pollutants_Value,93
31640_Water_Usage_And_Recycling_Average_Amount_Value,93
52010_Financial_Instrument_Tobacco_Exclusion_Threshold_Type,93
32800_Excessive_CEO_Pay_Ratio_Value,93
51200_Financial_Instrument_GMO_Exclusion,92
33070_Number_Of_Identified_Cases_of_Severe_Human_Rights_Issues_And_Incidents_Eligible_Assets,90
31760_Exposure_To_Companies_Producing_Chemicals_Value,90
33060_Number_Of_Identified_Cases_of_Severe_Human_Rights_Issues_And_Incidents_Coverage,90
31750_Exposure_To_Areas_Of_High_Water_Stress_Eligible_Assets,89
31875_Non_Recycled_Waste_Ratio_Value,89
33170_Number_Of_Convictions_For_Violation_Of_Anti_Corruption_And_Anti_Bribery_Laws_Coverage,89
32480_Rate_Of_Accidents_Value,89
32750_Number_Of_Incidents_Of_Discrimination_Reported_In_Investee_Companies_Eligible_Assets,89
32740_Number_Of_Incidents_Of_Discrimination_Reported_In_Investee_Companies_Coverage,89
33180_Number_Of_Convictions_For_Violation_Of_Anti_Corruption_And_Anti_Bribery_Laws_Eligible_Assets,89
31790_Exposure_To_Companies_Producing_Chemical_Eligible_Assets,89
31780_Exposure_To_Companies_Producing_Chemical_Coverage,89
32950_Exposure_To_Companies_With_Lack_Of_Processes_And_Measures_For_Preventing_Trafficking_In_Human_Beings_Local_Eligible_Assets,89
32940_Exposure_To_Companies_With_Lack_Of_Processes_And_Measures_For_Preventing_Trafficking_In_Human_Beings_Local_Coverage,89
33100_Exposure_To_companies_With_A_Lack_Of_Anti_Corruption_And_Anti_Bribery_Policies_Coverage,88
33080_Exposure_To_companies_With_A_Lack_Of_Anti_Corruption_And_Anti_Bribery_Policies_Value,88
32670_Share_Of_Investments_In_Investee_Companies_Without_Any_Grievance_Or_Complaints_Handling_Mechanism_Eligible_Assets,88
31674_Water_Usage_And_Recycling_Average_Percentage_Eligible_Assets,88
51500_Financial_Instrument_Oil_Exclusion,88
31740_Exposure_To_Areas_Of_High_Water_Stress_Coverage,88
33110_Exposure_To_companies_With_A_Lack_Of_Anti_Corruption_And_Anti_Bribery_Policies_Eligible_Assets,88
32660_Share_Of_Investments_In_Investee_Companies_Without_Any_Grievance_Or_Complaints_Handling_Mechanism_Coverage,88
32520_Number_Of_Days_Lost_For_Injuries_Accidents_Fatalities_Illness_Value,88
31720_Exposure_To_Areas_Of_High_Water_Stress_Value,88
33400_Average_Political_Stability_Score_Eligible_Assets,87
51000_Financial_Instrument_Gas_Exclusion,87
50610_Financial_Instrument_Coal_Threshold_Type,87
31874_Share_Of_Investments_In_Companies_Without_Sustainable_Oceans_Or_Seas_Practices_Eligible_Assets,86
31673_Water_Usage_And_Recycling_Average_Percentage_Coverage,86
31870_Exposure_To_Companies_Without_Sustainable_Land_Or_Agriculture_Practices_Policies_Eligible_Assets,86
31630_Breakdown_Of_Energy_Consumption_By_Type_Of_Non-renewable_Sources_Of_Energy_Coal_Eligible_Assets,86
31550_Breakdown_Of_Energy_Consumption_By_Type_Of_Non-renewable_Sources_Of_Energy_Oil_Eligible_Assets,86
31590_Breakdown_Of_Energy_Consumption_By_Type_Of_Non-renewable_Sources_Of_Energy_Natural_Gas_Eligible_Assets,86
31830_Exposure_To_Companies_Causing_Land_Degradation_Desertification_Or_Soil_Sealing_Eligible_Assets,86
33330_Non_Cooperative_Tax_Jurisdictions_Value,86
31480_Emissions_Of_Ozone_Depletion_Substances_Eligible_Assets,86
51800_Financial_Instrument_Pesticides_Exclusion,85
31873_Share_Of_Investments_In_Companies_Without_Sustainable_Oceans_Or_Seas_Practices_Coverage,85
31840_Exposure_To_Companies_Without_Sustainable_Land_Or_Agriculture_Practices_Policies_Value,85
31820_Exposure_To_Companies_Causing_Land_Degradation_Desertification_Or_Soil_Sealing_Coverage,85
51900_Financial_Instrument_Research_On_Human_Embryos_Exclusion,85
50300_Financial_Instrument_Animal_Testing_Exclusion,85
31470_Emissions_Of_Ozone_Depletion_Substances_Coverage,85
31940_Share_Of_Investments_In_Investee_Companies_Without_A_Biodiversity_Protection_Policy_Covering_Operational_Sites_....._Coverage,85
32640_Share_Of_Investments_In_Investee_Companies_Without_Any_Grievance_Or_Complaints_Handling_Mechanism_Value,85
33390_Average_Political_Stability_Score_Coverage,85
50700_Financial_Instrument_Factory_Farming_Exclusion,85
50800_Financial_Instrument_FUR_Exclusion,85
32920_Exposure_To_Companies_With_Lack_Of_Processes_And_Measures_For_Preventing_Trafficking_In_Human_Beings_Local_Value,85
51100_Financial_Instrument_Genetic_Engineering_Exclusion,85
31950_Share_Of_Investments_In_Investee_Companies_Without_A_Biodiversity_Protection_Policy_Covering_Operational_Sites_....._Eligible_Assets,85
31620_Breakdown_Of_Energy_Consumption_By_Type_Of_Non-renewable_Sources_Of_Energy_Coal_Coverage,84
31860_Exposure_To_Companies_Without_Sustainable_Land_Or_Agriculture_Practices_Policies_Coverage,84
31580_Breakdown_Of_Energy_Consumption_By_Type_Of_Non-renewable_Sources_Of_Energy_Natural_Gas_Coverage,84
31540_Breakdown_Of_Energy_Consumption_By_Type_Of_Non-renewable_Sources_Of_Energy_Oil_Coverage,84
51700_Financial_Instrument_Palm_Oil_Exclusion,84
33030_Exposure_To_Companies_With_Operations_And_Suppliers_At_Significant_Risk_Of_Incidents_Of_Forced_Or_Compulsory_Labour_Eligible_Assets,83
32990_Exposure_To_Companies_With_Operations_And_Suppliers_At_Significant_Risk_Of_Incidents_Of_Child_Labour_Eligible_Assets,83
32790_Number_Of_Incidents_Of_Discrimination_Leading_To_Sanctions_In_Investee_Companies_Eligible_Assets,83
32960_Exposure_To_Companies_With_Operations_And_Suppliers_At_Significant_Risk_Of_Incidents_Of_Child_Labour_Value,83
33000_Exposure_To_Companies_With_Operations_And_Suppliers_At_Significant_Risk_Of_Incidents_Of_Forced_Or_Compulsory_Labour_Value,82
32980_Exposure_To_Companies_With_Operations_And_Suppliers_At_Significant_Risk_Of_Incidents_Of_Child_Labour_Coverage,82
31671_Water_Usage_And_Recycling_Average_Percentage_Value,82
32780_Number_Of_Incidents_Of_Discrimination_Leading_To_Sanctions_In_Investee_Companies_Coverage,82
52020_Financial_Instrument_Tobacco_Exclusion_Relative_Threshold,82
31800_Exposure_To_Companies_Causing_Land_Degradation_Desertification_Or_Soil_Sealing_Value,82
31920_Share_Of_Investments_In_Investee_Companies_Without_A_Biodiversity_Protection_Policy_Covering_Operational_Sites_....._Value,82
31871_Share_Of_Investments_In_Companies_Without_Sustainable_Oceans_Or_Seas_Practices_Value,82
33150_Number_Of_Convictions_For_Violation_Of_Anti_Corruption_And_Anti_Bribery_Laws_Value,82
31600_Breakdown_Of_Energy_Consumption_By_Type_Of_Non-renewable_Sources_Of_Energy_Coal_Value,81
31560_Breakdown_Of_Energy_Consumption_By_Type_Of_Non-renewable_Sources_Of_Energy_Natural_Gas_Value,81
33020_Exposure_To_Companies_With_Operations_And_Suppliers_At_Significant_Risk_Of_Incidents_Of_Forced_Or_Compulsory_Labour_Coverage,81
50620_Financial_Instrument_Coal_Relative_Threshold,79
51410_Financial_Instrument_Nuclear_Weapons_Exclusion_Threshold_Type,78
33040_Number_Of_Identified_Cases_of_Severe_Human_Rights_Issues_And_Incidents_Value,78
33190_Average_Income_Inequality_Scope_Value,78
32720_Number_Of_Incidents_Of_Discrimination_Reported_In_Investee_Companies_Value,78
33295_Average_Corruption_Score_Value,77
20240_Financial_Instrument_Environmentally_Sustainable_Investment_Not_EU_Taxonomy_Art_9,76
32310_Energy_Consumption_Intensity_Eligible_Assets,74
53000_Financial_Instrument_Nuclear_Weapons_Exclusion,74
51420_Financial_Instrument_Nuclear_Weapons_Exclusion_Relative_Threshold,74
33265_Average_Human_Rights_Performance_Value,73
33230_Average_Freedom_of_Expression_Score_Value,73
33410_Average_Rule_Of_Law_Score_Value,73
32300_Energy_Consumption_Intensity_Coverage,72
31370_Emissions_Of_Inorganic_Pollutants_Value,69
52130_Financial_Instrument_Unconventional_Weapons_Exclusion_Part_Of_Value_Chain,69
53020_Financial_Instrument_Qualitative_Exclusion_Of_Countries,68
50910_Financial_Instrument_Gambling_Exclusion_Threshold_Type,68
50110_Financial_Instrument_Pornography_Adult_Entertainment_Services_Exclusion_Threshold_Type,65
50510_Financial_Instrument_Conventional_Weapons_Exclusion_Threshold_Type,65
53060_Financial_Instrument_Non_Ratification_Of_Paris_Agreement_Exclusion,65
50520_Financial_Instrument_Conventional_Weapons_Exclusion_Relative_Threshold,64
12000-N_Manufacturer_Stewardship_Code_Signatory - Eurosif European Transparency Code,64
51610_Financial_Instrument_Other_Fossil_Fuel_Threshold_Type,64
53030_Financial_Instrument_Corruption_Exclusion,64
53040_Financial_Instrument_Death_Sentence_Exclusion,64
31520_Breakdown_Of_Energy_Consumption_By_Type_Of_Non-renewable_Sources_Of_Energy_Oil_Value,63
51620_Financial_Instrument_Other_Fossil_Fuel_Relative_Threshold,62
50920_Financial_Instrument_Gambling_Exclusion_Relative_Threshold,62
51430_Financial_Instrument_Nuclear_Weapons_Exclusion_Part_Of_Value_Chain,62
31450_Emissions_Of_Ozone_Depletion_Substances_Value,62
33370_Average_Political_Stability_Score_Value,61
50120_Financial_Instrument_Pornography_Adult_Entertainment_Services_Exclusion_Relative_Threshold,59
50630_Financial_Instrument_Coal_Part_Of_Value_Chain,58
20090_Financial_Instrument_Main_ESG_Focus,58
60420-A_Financial_Instrument_Social_Topic_Or_Considered_Indicators_For_French_MiFID_Market - Social & human rights,56
50210_Financial_Instrument_Alcohol_Exclusion_Threshold_Type,55
60410-A_Financial_Instrument_Environmental_Topic_Or_Considered_Indicators_For_French_MiFID_Market - Transition to low carbon economy,54
53010_Financial_Instrument_Non-proliferation_Treaty_Of_Nuclear_Weapons,54
90060_Financial_Instrument_Minimum_Percentage_Investments_Aligned_EU_Taxonomy_No_Fossil_Gas_and_Nuclear_ Incl_Sovereign_Bonds,53
90010_Financial_Instrument_Minimum_Percentage_Investments_Aligned_EU_Taxonomy_Fossil_Gas_ Incl_Sovereign_Bonds,52
90040_Financial_Instrument_Minimum_Percentage_Investments_Aligned_EU_Taxonomy_Nuclear_ Incl_Sovereign_Bonds,52
52030_Financial_Instrument_Tobacco_Exclusion_Part_Of_Value_Chain,51
50930_Financial_Instrument_Gambling_Exclusion_Part_Of_Value_Chain,49
51630_Financial_Instrument_Other_Fossil_Fuel_Part_Of_Value_Chain,49
53050_Financial_Instrument_War_Exclusion,49
60430-A_Financial_Instrument_Governance_Topic_Or_Considered_Indicators_For_French_MiFID_Market - anti bribery & corruption,48
50220_Financial_Instrument_Alcohol_Exclusion_Relative_Threshold,48
20410-A_Financial_Instrument_EU_SFDR_Methodology_For_Sustainable_Investments_Calculation,47
32270_GHG_Emissions_Real_Estate_Total_Scope123_Eligible_Assets,47
54070_Financial_Instrument_ESG_Biodiversity_Monitoring,47
32190_GHG_Emissions_Real_Estate_Scope_3_Eligible_Assets,47
32150_GHG_Emissions_Real_Estate_Scope_2_Eligible_Assets,47
32110_GHG_Emissions_Real_Estate_Scope_1_Eligible_Assets,47
54000_Financial_Instrument_ESG_Energy_Consumption_Monitoring,46
54010_Financial_Instrument_ESG_GHG_Emission_Monitoring,46
54020_Financial_Instrument_ESG_Water_Consumption_Monitoring,46
60430-B_Financial_Instrument_Governance_Topic_Or_Considered_Indicators_For_French_MiFID_Market - governance other,46
32100_GHG_Emissions_Real_Estate_Scope_1_Year_N_Coverage,45
32550_Number_Of_Days_Lost_For_Injuries_Accidents_Fatalities_Illness_Assets,45
54030_Financial_Instrument_ESG_Waste_Financial_Instrument_Monitoring,45
32260_GHG_Emissions_Real_Estate_Total_Scope123_Coverage,45
32180_GHG_Emissions_Real_Estate_Scope_3_Year_N_Coverage,45
32140_GHG_Emissions_Real_Estate_Scope_2_Year_N_Coverage,45
51660_Financial_Instrument_Other_Fossil_Fuel_New_Infrastructure,44
50130_Financial_Instrument_Pornography_Adult_Entertainment_Services_Part_Of_Value_Chain,44
50530_Financial_Instrument_Conventional_Weapons_Exclusion_Part_Of_Value_Chain,43
51510_Financial_Instrument_Oil_Threshold_Type,42
50660_Financial_Instrument_Coal_New_Infrastructure,41
60420-B_Financial_Instrument_Social_Topic_Or_Considered_Indicators_For_French_MiFID_Market - labour relations,41
"12000-K_Manufacturer_Stewardship_Code_Signatory - Norway, Norwegian Stewarship code, Norwegian Funds and Market Association, 2012",40
60410-B_Financial_Instrument_Environmental_Topic_Or_Considered_Indicators_For_French_MiFID_Market - Natural resources preservation or consumption,40
51320_Financial_Instrument_Nuclear_Energy_Exclusion_Relative_Threshold,40
60430-C_Financial_Instrument_Governance_Topic_Or_Considered_Indicators_For_French_MiFID_Market - none,40
"Singapore Stewardship Principles, Stewardship Asia 2016",40
54060_Financial_Instrument_ESG_Safety_Monitoring,40
51060_Financial_Instrument_Gas_New_Infrastructure,39
51520_Financial_Instrument_Oil_Relative_Threshold,39
51560_Financial_Instrument_Oil_New_Infrastructure,39
54040_Financial_Instrument_ESG_Environmental_Health_Monitoring,39
54050_Financial_Instrument_ESG_Supplier_Monitoring,39
51310_Financial_Instrument_Nuclear_Energy_Exclusion_Threshold_Type,38
20300-R_Financial_Instrument_Alignment_With_Sustainable_Development_Goals - None,37
60410-E_Financial_Instrument_Environmental_Topic_Or_Considered_Indicators_For_French_MiFID_Market - Biodiversity preservation,37
51210_Financial_Instrument_GMO_Exclusion_Threshold_Type,37
51010_Financial_Instrument_Gas_Threshold_Type,37
32030_Share_Of_Securities_Not_Issued_under_Union_legislation_on_environmentally_sustainable_bonds_Eligible_Assets,36
50410_Financial_Instrument_Cannabis_Exclusion_Threshold_Type,36
50230_Financial_Instrument_Alcohol_Exclusion_Part_Of_Value_Chain,36
32020_Share_Of_Securities_Not_Issued_under_Union_legislation_on_environmentally_sustainable_bonds_Coverage,35
60410-F_Financial_Instrument_Environmental_Topic_Or_Considered_Indicators_For_French_MiFID_Market - none,35
"Dutch Stewardship Code, Eumedion, 2018",35
60410-D_Financial_Instrument_Environmental_Topic_Or_Considered_Indicators_For_French_MiFID_Market - Waste,33
60420-D_Financial_Instrument_Social_Topic_Or_Considered_Indicators_For_French_MiFID_Market - none,32
60420-C_Financial_Instrument_Social_Topic_Or_Considered_Indicators_For_French_MiFID_Market - investment in human capital (including health),32
32430_Land_Artificialisation_Eligible_Assets,32
32350_Waste_Production_In_Operations_Eligible_Assets,32
32390_Raw_Material_Consumption_For_New_Construction_And_Major_Renovations_Eligible_Assets,32
51220_Financial_Instrument_GMO_Exclusion_Relative_Threshold,31
32340_Waste_Production_In_Operations_Coverage,31
32070_Share_Of_Bonds_not_issued_under_Union_legislation_on_environmentally_sustainable_bonds_Eligible_Assets,31
51020_Financial_Instrument_Gas_Relative_Threshold,31
32380_Raw_Material_Consumption_For_New_Construction_And_Major_Renovations_Coverage,30
32420_Land_Artificialisation_Coverage,30
60410-C_Financial_Instrument_Environmental_Topic_Or_Considered_Indicators_For_French_MiFID_Market - Land & Ocean preservation,30
51530_Financial_Instrument_Oil_Part_Of_Value_Chain,30
20270-G_Financial_Instrument_Environmental_Thematic_Characteristics - biodiversity,30
32060_Share_Of_Bonds_not_issued_under_Union_legislation_on_environmentally_sustainable_bonds_Coverage,30
51110_Financial_Instrument_Genetic_Engineering_Exclusion_Threshold_Type,29
32280_Energy_Consumption_Intensity_Value,29
20270-F_Financial_Instrument_Environmental_Thematic_Characteristics - greenhouse gas emissions,26
51030_Financial_Instrument_Gas_Part_Of_Value_Chain,25
20060-D_Financial_Instrument_ESG_Label_Or_Standard - FNG Siegel (Fonds),24
50420_Financial_Instrument_Cannabis_Exclusion_Relative_Threshold,24
20280-G_Financial_Instrument_Social_Thematic_Characteristics - social other,23
20280-D_Financial_Instrument_Social_Thematic_Characteristics - labour relations,23
20290-F_Financial_Instrument_Governance_Thematic_Characteristics - none,23
20280-H_Financial_Instrument_Social_Thematic_Characteristics - none,23
32230_GHG_Emissions_Real_Estate_Total_Scope12_Eligible_Assets,22
20290-E_Financial_Instrument_Governance_Thematic_Characteristics - governance other,22
32220_GHG_Emissions_Real_Estate_Total_Scope12_Coverage,20
"12000-O_Manufacturer_Stewardship_Code_Signatory - France, AFEP-MEDEF Corporate Governance Code",19
20270-J_Financial_Instrument_Environmental_Thematic_Characteristics - none,18
51230_Financial_Instrument_GMO_Exclusion_Part_Of_Value_Chain,18
51120_Financial_Instrument_Genetic_Engineering_Exclusion_Relative_Threshold,18
51130_Financial_Instrument_Genetic_Engineering_Exclusion_Part_Of_Value_Chain,17
50710_Financial_Instrument_Factory_Farming_Exclusion_Threshold_Type,17
20250_Financial_Instrument_Minimum_Sustainable_Investment_Social_Objective_Art_9,17
51810_Financial_Instrument_Pesticides_Exclusion_Threshold_Type,17
50310_Financial_Instrument_Animal_Testing_Exclusion_Threshold_Type,16
50810_Financial_Instrument_FUR_Exclusion_Threshold_Type,16
20060-K_Financial_Instrument_ESG_Label_Or_Standard - ISR,16
51910_Financial_Instrument_Research_On_Human_Embryos_Exclusion_Threshold_Type,16
20220_Financial_Instrument_Minimum_Sustainable_Investment_With_Environmental_Objective_Art_9,14
20060-J_Financial_Instrument_ESG_Label_Or_Standard - Kein Verstoß gegen Atomwaffensperrvertrag,13
80010_Use_Of_Derivative_Exposure_In_Taxonomy_And_SFDR_Alignment,13
80000_Use_Of_Proceeds_Asset_Pooling,12
50650_Financial_Instrument_Coal_Energy_Mix_Relative_Cap,12
51710_Financial_Instrument_Palm_Oil_Exclusion_Threshold_Type,12
20270-H_Financial_Instrument_Environmental_Thematic_Characteristics - circular economy,11
20060-M_Financial_Instrument_ESG_Label_Or_Standard - UZ49 - das österreichische Umweltzeichen,10
51830_Financial_Instrument_Pesticides_Exclusion_Part_Of_Value_Chain,10
20290-C_Financial_Instrument_Governance_Thematic_Characteristics - remuneration of staff,10
20290-B_Financial_Instrument_Governance_Thematic_Characteristics - employee relations,10
32760_Number_Of_Incidents_Of_Discrimination_Leading_To_Sanctions_In_Investee_Companies_Value,10
20290-A_Financial_Instrument_Governance_Thematic_Characteristics - sound management structures,9
20290-D_Financial_Instrument_Governance_Thematic_Characteristics - tax compliance,9
20270-B_Financial_Instrument_Environmental_Thematic_Characteristics - renewable energy,9
20270-E_Financial_Instrument_Environmental_Thematic_Characteristics - waste,8
20300-G_Financial_Instrument_Alignment_With_Sustainable_Development_Goals - Affordable and Clean Energy,8
20270-D_Financial_Instrument_Environmental_Thematic_Characteristics - water and land,8
32000_Share_Of_Securities_Not_Issued_under_Union_legislation_on_environmentally_sustainable_bonds,7
20060-L_Financial_Instrument_ESG_Label_Or_Standard - Towards Sustainability,6
50430_Financial_Instrument_Cannabis_Exclusion_Part_Of_Value_Chain,6
50720_Financial_Instrument_Factory_Farming_Exclusion_Relative_Threshold,6
20270-I_Financial_Instrument_Environmental_Thematic_Characteristics - environment other,6
20300-M_Financial_Instrument_Alignment_With_Sustainable_Development_Goals - Climate Action,6
Guidelines for fund management comapnies shareholder engagement,5
20060-A_Financial_Instrument_ESG_Label_Or_Standard - ICMA Green Bond Principles,5
51920_Financial_Instrument_Research_On_Human_Embryos_Exclusion_Relative_Threshold,5
51730_Financial_Instrument_Palm_Oil_Exclusion_Part_Of_Value_Chain,5
20060-F_Financial_Instrument_ESG_Label_Or_Standard - ICMA Social Bonds Principles,5
50330_Financial_Instrument_Animal_Testing_Exclusion_Part_Of_Value_Chain,5
"US Stewardship Framework for Institutional Investors, The Investor Stewardship Group, 2018",5
50820_Financial_Instrument_FUR_Exclusion_Relative_Threshold,5
11040-C _Manufacturer_Other_Commitments - SBT for FI,5
"20300-I_Financial_Instrument_Alignment_With_Sustainable_Development_Goals - Industry, Innovation and Infrastructure",5
50730_Financial_Instrument_Factory_Farming_Exclusion_Part_Of_Value_Chain,5
51820_Financial_Instrument_Pesticides_Exclusion_Relative_Threshold,5
"20300-P_Financial_Instrument_Alignment_With_Sustainable_Development_Goals - Peace and Justice, Strong Institutions",4
20280-B_Financial_Instrument_Social_Thematic_Characteristics - social cohesion,4
50830_Financial_Instrument_FUR_Exclusion_Part_Of_Value_Chain,4
51930_Financial_Instrument_Research_On_Human_Embryos_Exclusion_Part_Of_Value_Chain,4
51050_Financial_Instrument_Gas_Energy_Mix_Relative_Cap,4
51550_Financial_Instrument_Oil_Energy_Mix_Relative_Cap,4
20300-J_Financial_Instrument_Alignment_With_Sustainable_Development_Goals - Reduced Inequality,4
20280-C_Financial_Instrument_Social_Thematic_Characteristics - social integration,3
50640_Financial_Instrument_Coal_Energy_Mix_Absolute_Cap,3
20300-K_Financial_Instrument_Alignment_With_Sustainable_Development_Goals - Sustainable Cities and Communities,3
20280-A_Financial_Instrument_Social_Thematic_Characteristics - inequality,2
32400_Land_Artificialisation_Value,2
50320_Financial_Instrument_Animal_Testing_Exclusion_Relative_Threshold,2
32360_Raw_Material_Consumption_For_New_Construction_And_Major_Renovations_Value,2
20300-F_Financial_Instrument_Alignment_With_Sustainable_Development_Goals - Clean Water and Sanitaion,2
20300-L_Financial_Instrument_Alignment_With_Sustainable_Development_Goals - Responsible Consumption and Production,2
20300-N_Financial_Instrument_Alignment_With_Sustainable_Development_Goals - Life Below Water,2
20300-O_Financial_Instrument_Alignment_With_Sustainable_Development_Goals - Life on Land,2
32040_Share_Of_Bonds_not_issued_under_Union_legislation_on_environmentally_sustainable_bonds,2
32080_GHG_Emissions_Real_Estate_Scope_1_Value,2
32120_GHG_Emissions_Real_Estate_Scope_2_Value,2
32160_GHG_Emissions_Real_Estate_Scope_3_Value,2
32200_GHG_Emissions_Real_Estate_Total_Scope12_Value,2
32240_GHG_Emissions_Real_Estate_Total_Scope123_Value,2
32320_Waste_Production_In_Operations_Value,2
20300-C_Financial_Instrument_Alignment_With_Sustainable_Development_Goals - Good Health and Well-Being,1
20300-E_Financial_Instrument_Alignment_With_Sustainable_Development_Goals - Gender Equality,1
20300-H_Financial_Instrument_Alignment_With_Sustainable_Development_Goals - Decent Work and Economic Growth,1
20300-D_Financial_Instrument_Alignment_With_Sustainable_Development_Goals - Quality Education,1
20060-Z_Financial_Instrument_ESG_Label_Or_Standard - Other label,1
20300-B_Financial_Instrument_Alignment_With_Sustainable_Development_Goals - Zero Hunger,1
20300-A_Financial_Instrument_Alignment_With_Sustainable_Development_Goals - No Poverty,1
51720_Financial_Instrument_Palm_Oil_Exclusion_Relative_Threshold,1
20270-C_Financial_Instrument_Environmental_Thematic_Characteristics - raw materials,1
20300-Q_Financial_Instrument_Alignment_With_Sustainable_Development_Goals - Partnerships to achive to Goal,1
